DELETE FROM SAMPLE_MEMBER;
DELETE FROM SAMPLE_GROUP;
DELETE FROM SAMPLE_ROLE;
DELETE FROM SAMPLE_GROUP_ROLE;
DELETE FROM SAMPLE_ROLE_PROG;

INSERT INTO SAMPLE_MEMBER (
  GROUP_ID, USER_ID, USER_PW, MEMBER_NAME, AGE,   
  DUTY, REGION, ADDRESS, ADDRESS_DTL, JUMINNO, GENDER,    
  TEL, HP, EMAIL, INPUT_DT
) VALUES (
  'USER_GP', 'USER01', '12345678', '사용자01', '55',   
  NULL, NULL, NULL, NULL, NULL, 'M',    
  NULL, NULL, 'USER01@aaa.com', SYSDATE
);
INSERT INTO SAMPLE_MEMBER (
  GROUP_ID, USER_ID, USER_PW, MEMBER_NAME, AGE,   
  DUTY, REGION, ADDRESS, ADDRESS_DTL, JUMINNO, GENDER,    
  TEL, HP, EMAIL, INPUT_DT
) VALUES (
  'USER_GP', 'USER02', '12345678', '사용자02', '55',   
  NULL, NULL, NULL, NULL, NULL, 'M',    
  NULL, NULL, 'USER02@aaa.com', SYSDATE
);
INSERT INTO SAMPLE_MEMBER (
  GROUP_ID, USER_ID, USER_PW, MEMBER_NAME, AGE,   
  DUTY, REGION, ADDRESS, ADDRESS_DTL, JUMINNO, GENDER,    
  TEL, HP, EMAIL, INPUT_DT
) VALUES (
  'ADMIN_GP', 'ADMIN01', '12345678', '관리자01', '53',   
  NULL, NULL, NULL, NULL, NULL, 'M',    
  NULL, NULL, 'ADMIN01@aaa.com', SYSDATE
);

INSERT INTO SAMPLE_GROUP (
  GROUP_ID, GROUP_NAME, INPUT_DT 
) VALUES (
  'USER_GP', '사용자그룹', SYSDATE 
);
INSERT INTO SAMPLE_GROUP (
  GROUP_ID, GROUP_NAME, INPUT_DT 
) VALUES (
  'ADMIN_GP', '관리자그룹', SYSDATE 
);

INSERT INTO SAMPLE_ROLE (
  ROLE_ID, ROLE_NAME, INPUT_DT
) VALUES (
  'ROLE_USER', '사용자ROLE', SYSDATE
);
INSERT INTO SAMPLE_ROLE (
  ROLE_ID, ROLE_NAME, INPUT_DT
) VALUES (
  'ROLE_ADMIN', '관리자ROLE', SYSDATE
);

INSERT INTO SAMPLE_GROUP_ROLE (
  GROUP_ID, ROLE_ID, INPUT_DT
) VALUES (
  'USER_GP', 'ROLE_USER', SYSDATE
);
INSERT INTO SAMPLE_GROUP_ROLE (
  GROUP_ID, ROLE_ID, INPUT_DT
) VALUES (
  'ADMIN_GP', 'ROLE_ADMIN', SYSDATE
);
INSERT INTO SAMPLE_GROUP_ROLE (
  GROUP_ID, ROLE_ID, INPUT_DT
) VALUES (
  'ADMIN_GP', 'ROLE_USER', SYSDATE
);

INSERT INTO SAMPLE_ROLE_PROG (
  ROLE_ID, PROG_ID, PROG_NAME, PROG_URL, INPUT_DT
) VALUES (
  'ROLE_USER', 'MENU01',  '메뉴01',  '/menu01/**', SYSDATE
);
INSERT INTO SAMPLE_ROLE_PROG (
  ROLE_ID, PROG_ID, PROG_NAME, PROG_URL, INPUT_DT
) VALUES (
  'ROLE_USER', 'MENU02',  '메뉴02',  '/menu02/**', SYSDATE
);
INSERT INTO SAMPLE_ROLE_PROG (
  ROLE_ID, PROG_ID, PROG_NAME, PROG_URL, INPUT_DT
) VALUES (
  'ROLE_ADMIN', 'MENU_ADMIN',  '관리자메뉴',  '/admin/**', SYSDATE
);

COMMIT;
